{"name":"7beb7174-fd3f-4292-90a2-f34d10cd2a92","id":"/providers/Microsoft.Flow/flows/7beb7174-fd3f-4292-90a2-f34d10cd2a92","type":"Microsoft.Flow/flows","properties":{"apiId":"/providers/Microsoft.PowerApps/apis/shared_logicflows","displayName":"appAnalise_SP_Exporter","definition":{"metadata":{"workflowEntityId":null,"processAdvisorMetadata":null,"flowChargedByPaygo":null,"flowclientsuspensionreason":"None","flowclientsuspensiontime":null,"flowclientsuspensionreasondetails":null,"creator":{"id":"4027c427-616b-43d1-bcb3-1c6f8a88e8d9","type":"User","tenantId":"ddf2dacc-72a2-4645-9fe9-61c16d9a3c47"},"provisioningMethod":"FromDefinition","failureAlertSubscription":true,"clientLastModifiedTime":"2025-07-03T14:35:33.199476Z","connectionKeySavedTimeKey":"2025-07-03T14:35:24.086175Z","creationSource":null,"modifiedSources":"Portal"},"$schema":"https://schema.management.azure.com/providers/Microsoft.Logic/schemas/2016-06-01/workflowdefinition.json#","contentVersion":"undefined","parameters":{"$authentication":{"defaultValue":{},"type":"SecureObject"},"$connections":{"defaultValue":{},"type":"Object"}},"triggers":{"Recurrence_[every_5_minutes_-_no_paralelism]":{"recurrence":{"interval":5,"frequency":"Minute","timeZone":"E. South America Standard Time"},"type":"Recurrence","conditions":[],"runtimeConfiguration":{"concurrency":{"runs":1}}}},"actions":{"Initialize_variable_[filesToProcess_array]":{"runAfter":{"file_to_ignore_in_move":["Succeeded"]},"type":"InitializeVariable","inputs":{"variables":[{"name":"filesToProcess","type":"array"}]}},"Initialize_variable_[foldersToProcess_array]":{"runAfter":{"Initialize_variable_[filesToProcess_array]":["Succeeded"]},"type":"InitializeVariable","inputs":{"variables":[{"name":"foldersToProcess","type":"array"}]}},"Get_files_(properties_only)_[files_and_folders_in_POST]":{"runAfter":{"Initialize_variable_[foldersToProcess_array]":["Succeeded"]},"type":"OpenApiConnection","inputs":{"parameters":{"dataset":"https://anatel365.sharepoint.com/sites/InovaFiscaliza","table":"123ceffb-dcc8-4566-ac2c-00f54816fc2c","folderPath":"/DataHub  POST/appAnalise"},"host":{"apiId":"/providers/Microsoft.PowerApps/apis/shared_sharepointonline","connectionName":"shared_sharepointonline","operationId":"GetFileItems"},"authentication":"@parameters('$authentication')"}},"Condition_[are_there_folders_or_files_to_move]":{"actions":{"Select_[desired_metadata]":{"type":"Select","inputs":{"from":"@outputs('Get_files_(properties_only)_[files_and_folders_in_POST]')?['body/value']","select":{"Filename":"@item()?['{FilenameWithExtension}']","FileCreationDate":"@item()?['Created']","UserName":"@item()?['Author/DisplayName']","UserEmail":"@item()?['Author/Email']","UserDepartment":"@item()?['Author/Department']","UserJobTitle":"@item()?['Author/JobTitle']","IsFolder":"@{item()?['{IsFolder}']}"}}},"Create_file":{"runAfter":{"Filter_array_[file_to_ignore_in_json]":["Succeeded"]},"type":"OpenApiConnection","inputs":{"parameters":{"dataset":"https://anatel365.sharepoint.com/sites/InovaFiscaliza","folderPath":"/DataHub  TEMP/appAnalise","name":"@concat('sp_meta_', guid(), '.json')","body":"@body('Filter_array_[file_to_ignore_in_json]')"},"host":{"apiId":"/providers/Microsoft.PowerApps/apis/shared_sharepointonline","connectionName":"shared_sharepointonline","operationId":"CreateFile"},"authentication":"@parameters('$authentication')"},"runtimeConfiguration":{"contentTransfer":{"transferMode":"Chunked"}}},"Filter_array_[file_to_ignore_in_json]":{"runAfter":{"Select_[desired_metadata]":["Succeeded"]},"type":"Query","inputs":{"from":"@body('Select_[desired_metadata]')","where":"@not(equals(item()?['Filename'],variables('fileToIgnoreInJson')))"}}},"runAfter":{"For_each_[item_in_POST]":["Succeeded"]},"else":{"actions":{"Terminate_[nothing_to_do]":{"type":"Terminate","inputs":{"runStatus":"Succeeded"}}}},"expression":{"or":[{"greater":["@length(variables('foldersToProcess'))",0]},{"greater":["@length(variables('filesToProcess'))",1]}]},"type":"If"},"For_each_[item_in_POST]":{"foreach":"@outputs('Get_files_(properties_only)_[files_and_folders_in_POST]')?['body/value']","actions":{"Condition_[is_a_folder]":{"actions":{"Append_to_array_variable_[foldersToProcess]":{"type":"AppendToArrayVariable","inputs":{"name":"foldersToProcess","value":"@items('For_each_[item_in_POST]')?['{Identifier}']"}}},"else":{"actions":{"Condition_[is_in_root_folder]":{"actions":{"Append_to_array_variable_[fileToProcess]":{"type":"AppendToArrayVariable","inputs":{"name":"filesToProcess","value":"@items('For_each_[item_in_POST]')?['{Identifier}']"}}},"else":{"actions":{}},"expression":{"and":[{"equals":["@if(equals(item()?['{Path}'], 'DataHub  POST/appAnalise/'), true, false)",true]}]},"type":"If"}}},"expression":{"and":[{"equals":["@items('For_each_[item_in_POST]')?['{IsFolder}']","@true"]}]},"type":"If"}},"runAfter":{"Get_files_(properties_only)_[files_and_folders_in_POST]":["Succeeded"]},"type":"Foreach"},"For_each_[folder]":{"foreach":"@variables('foldersToProcess')","actions":{"Move_folder":{"type":"OpenApiConnection","inputs":{"parameters":{"dataset":"https://anatel365.sharepoint.com/sites/InovaFiscaliza","parameters/sourceFolderId":"@items('For_each_[folder]')","parameters/destinationDataset":"https://anatel365.sharepoint.com/sites/InovaFiscaliza","parameters/destinationFolderPath":"/DataHub  TEMP/appAnalise","parameters/nameConflictBehavior":1},"host":{"apiId":"/providers/Microsoft.PowerApps/apis/shared_sharepointonline","connectionName":"shared_sharepointonline","operationId":"MoveFolderAsync"},"authentication":"@parameters('$authentication')"}}},"runAfter":{"For_each_[file]":["Succeeded"]},"type":"Foreach"},"For_each_[file]":{"foreach":"@variables('filesToProcess')","actions":{"Move_file-copy":{"type":"OpenApiConnection","inputs":{"parameters":{"dataset":"https://anatel365.sharepoint.com/sites/InovaFiscaliza","parameters/sourceFileId":"@items('For_each_[file]')","parameters/destinationDataset":"https://anatel365.sharepoint.com/sites/InovaFiscaliza","parameters/destinationFolderPath":"/DataHub  TEMP/appAnalise","parameters/nameConflictBehavior":1},"host":{"apiId":"/providers/Microsoft.PowerApps/apis/shared_sharepointonline","connectionName":"shared_sharepointonline","operationId":"MoveFileAsync"},"authentication":"@parameters('$authentication')"}}},"runAfter":{"Set_variable":["Succeeded"]},"type":"Foreach"},"file_to_ignore_in_json":{"runAfter":{},"type":"InitializeVariable","inputs":{"variables":[{"name":"fileToIgnoreInJson","type":"string","value":".appanalise_post"}]}},"Filter_array_[files_to_ignore_in_move]":{"runAfter":{"Condition_[are_there_folders_or_files_to_move]":["Succeeded"]},"type":"Query","inputs":{"from":"@variables('filesToProcess')","where":"@not(equals(item(),variables('fileToIgnoreInMove')))"}},"file_to_ignore_in_move":{"runAfter":{"file_to_ignore_in_json":["Succeeded"]},"type":"InitializeVariable","inputs":{"variables":[{"name":"fileToIgnoreInMove","type":"string","value":"DataHub%2b%2bPOST%252fmonitorRNI%252f.appanalise_post"}]}},"Set_variable":{"runAfter":{"Filter_array_[files_to_ignore_in_move]":["Succeeded"]},"type":"SetVariable","inputs":{"name":"filesToProcess","value":"@body('Filter_array_[files_to_ignore_in_move]')"}}},"description":"Run periodically without concurrency to avoid file manipulation errors.\n\nSave sharepoint metadata into a json file in TEMP.\n\nMove within the subfolders to TEMP, avoinding the need to go file by file within each subfolder.\n\nMove files in the root folder to temp."},"connectionReferences":{"shared_sharepointonline":{"connectionName":"shared-sharepointonl-e9377a12-655a-4eee-9466-e61ac60c025a","source":"Embedded","id":"/providers/Microsoft.PowerApps/apis/shared_sharepointonline","tier":"NotSpecified","apiName":"sharepointonline","isProcessSimpleApiReferenceConversionAlreadyDone":false}},"flowFailureAlertSubscribed":false,"isManaged":false}}