{"name":"97b3f8ee-b204-491d-a151-49a9633f3299","id":"/providers/Microsoft.Flow/flows/97b3f8ee-b204-491d-a151-49a9633f3299","type":"Microsoft.Flow/flows","properties":{"apiId":"/providers/Microsoft.PowerApps/apis/shared_logicflows","displayName":"appAnalise_SP_Exporter","definition":{"metadata":{"workflowEntityId":null,"processAdvisorMetadata":null,"flowChargedByPaygo":null,"flowclientsuspensionreason":"None","flowclientsuspensiontime":null,"flowclientsuspensionreasondetails":null,"creator":{"id":"4027c427-616b-43d1-bcb3-1c6f8a88e8d9","type":"User","tenantId":"ddf2dacc-72a2-4645-9fe9-61c16d9a3c47"},"provisioningMethod":"FromDefinition","failureAlertSubscription":true,"clientLastModifiedTime":"2026-02-03T17:30:21.4587413Z","connectionKeySavedTimeKey":"2026-02-03T17:30:11.9683074Z","creationSource":null,"modifiedSources":"Portal"},"$schema":"https://schema.management.azure.com/providers/Microsoft.Logic/schemas/2016-06-01/workflowdefinition.json#","contentVersion":"undefined","parameters":{"$authentication":{"defaultValue":{},"type":"SecureObject"},"$connections":{"defaultValue":{},"type":"Object"}},"triggers":{"Recurrence_-_Every_5minutes_no_paralelism":{"recurrence":{"interval":5,"frequency":"Minute","timeZone":"E. South America Standard Time"},"evaluatedRecurrence":{"interval":5,"frequency":"Minute","timeZone":"E. South America Standard Time"},"type":"Recurrence","conditions":[],"runtimeConfiguration":{"concurrency":{"runs":1}}}},"actions":{"Get_files_(properties_only)_-_files_and_folders_in_POST":{"runAfter":{"Initialize_variable_-_Flow_Configuration_-_cfg":["Succeeded"]},"type":"OpenApiConnection","inputs":{"parameters":{"dataset":"https://anatel365.sharepoint.com/sites/InovaFiscaliza","table":"123ceffb-dcc8-4566-ac2c-00f54816fc2c","folderPath":"@variables('cfg')?['inputFolder']"},"host":{"apiId":"/providers/Microsoft.PowerApps/apis/shared_sharepointonline","connectionName":"shared_sharepointonline","operationId":"GetFileItems"},"authentication":"@parameters('$authentication')"},"description":"Use \"inputFolder\" configured parameter"},"Filter_array_-_exclude_file_to_ignore_in_json":{"runAfter":{"Select_-_desired_metadata":["Succeeded"]},"type":"Query","inputs":{"from":"@body('Select_-_desired_metadata')","where":"@not(equals(item()?['Filename'], variables('cfg')?['fileToIgnore']))\n"},"description":"Use \"fileToIgnore\" configured parameter"},"Select_-_desired_metadata":{"runAfter":{"Condition_-_are_there_folders_or_files_to_move":["Succeeded"]},"type":"Select","inputs":{"from":"@outputs('Get_files_(properties_only)_-_files_and_folders_in_POST')?['body/value']","select":{"Filename":"@{item()?['{FilenameWithExtension}']}","FileCreationDate":"@item()?['Created']","UserName":"@item()?['Author/DisplayName']","UserEmail":"@item()?['Author/Email']","UserDepartment":"@item()?['Author/Department']","UserJobTitle":"@item()?['Author/JobTitle']","IsFolder":"@{item()?['{IsFolder}']}","Identifier":"@{item()?['{Identifier}']}"}}},"Filter_array_-_Files":{"runAfter":{"Filter_array_-_exclude_file_to_ignore_in_json":["Succeeded"]},"type":"Query","inputs":{"from":"@body('Filter_array_-_exclude_file_to_ignore_in_json')","where":"@equals(item()?['IsFolder'],'False')"}},"For_each_-_File":{"foreach":"@body('Filter_array_-_Files')","actions":{"Move_file_-_To_Temp":{"type":"OpenApiConnection","inputs":{"parameters":{"dataset":"https://anatel365.sharepoint.com/sites/InovaFiscaliza","parameters/sourceFileId":"@items('For_each_-_File')?['Identifier']","parameters/destinationDataset":"https://anatel365.sharepoint.com/sites/InovaFiscaliza","parameters/destinationFolderPath":"@variables('cfg')?['outputFolder']","parameters/nameConflictBehavior":1},"host":{"apiId":"/providers/Microsoft.PowerApps/apis/shared_sharepointonline","connectionName":"shared_sharepointonline","operationId":"MoveFileAsync"},"authentication":"@parameters('$authentication')"},"description":"Use \"outputFolder\" configured parameter"}},"runAfter":{"Filter_array_-_Files":["Succeeded"]},"type":"Foreach"},"Select_-_UserEmail_from_files":{"runAfter":{"Filter_array_-_Remove_Null_UserEmail":["Succeeded"]},"type":"Select","inputs":{"from":"@body('Filter_array_-_Remove_Null_UserEmail')","select":{"UserEmail":"@item()?['UserEmail']","UserName":"@item()?['UserName']"}}},"Compose_-_Unique_UserEmail_list":{"runAfter":{"Select_-_UserEmail_from_files":["Succeeded"]},"type":"Compose","inputs":"@union(body('Select_-_UserEmail_from_files'),body('Select_-_UserEmail_from_files'))"},"Create_file_-_Sharepoint_Metadata":{"runAfter":{"Select_-_Metadata_to_publish":["Succeeded"]},"type":"OpenApiConnection","inputs":{"parameters":{"dataset":"https://anatel365.sharepoint.com/sites/InovaFiscaliza","folderPath":"@variables('cfg')?['outputFolder']","name":"@concat('sp_meta_', guid(), '.json')","body":"@body('Select_-_Metadata_to_publish')"},"host":{"apiId":"/providers/Microsoft.PowerApps/apis/shared_sharepointonline","connectionName":"shared_sharepointonline","operationId":"CreateFile"},"authentication":"@parameters('$authentication')"},"description":"Use \"outputFolder\" configured parameter","runtimeConfiguration":{"contentTransfer":{"transferMode":"Chunked"}}},"Filter_array_-_Folders":{"runAfter":{"Create_file_-_Sharepoint_Metadata":["Succeeded"]},"type":"Query","inputs":{"from":"@body('Filter_array_-_exclude_file_to_ignore_in_json')","where":"@equals(item()?['IsFolder'],'True')"}},"Select_-_Metadata_to_publish":{"runAfter":{"For_each_-_File":["Succeeded"]},"type":"Select","inputs":{"from":"@body('Filter_array_-_Files')","select":{"Filename":"@item()?['Filename']","FileCreationDate":"@item()?['FileCreationDate']","UserName":"@item()?['UserName']","UserEmail":"@item()?['UserEmail']","UserDepartment":"@item()?['UserDepartment']","UserJobTitle":"@item()?['UserJobTitle']"}},"description":"May need to configure for the desired metadata keys at the output file"},"For_each_-_UserEmail":{"foreach":"@outputs('Compose_-_Unique_UserEmail_list')\n","actions":{"Filter_array_-_Files_from_the_User":{"type":"Query","inputs":{"from":"@body('Filter_array_-_Files')","where":"@equals(item()?['UserEmail'],items('For_each_-_UserEmail')?['UserEmail'])"}},"Post_message_in_a_chat_or_channel_-_To_listed_UserEmail":{"runAfter":{"Select_-_Filenames_Posted_by_User":["Succeeded"]},"type":"OpenApiConnection","inputs":{"parameters":{"poster":"Flow bot","location":"Chat with Flow bot","body/recipient":"@items('For_each_-_UserEmail')?['UserEmail']","body/messageBody":"<p class=\"editor-paragraph\">🔔 <u><b><strong class=\"editor-text-bold editor-text-underline\">Aviso de Processamento – </strong></b></u>@{concat('<b><u>',variables('cfg')?['serviceName'],'</u></b>')}<br><br>Prezado @{item()?['UserName']}<br><br>O <a href=\"https://anatel365.sharepoint.com/sites/InovaFiscaliza/SitePages/scarab.aspx\" class=\"editor-link\"><i><em class=\"editor-text-italic\">Scarab</em></i></a>, que consolida os dados via Sharepoint do @{concat('<b>',variables('cfg')?['serviceName'],'</b>')}, recebeu @{if(greater(length(body('Filter_array_-_Files_from_the_User')), 1), 'alguns arquivos', 'um arquivo')} à partir de aplicação/navegador utilizando sua conta.<br><br>@{if(greater(length(body('Filter_array_-_Files_from_the_User')), 1), concat('Foram recebidos ',length(body('Filter_array_-_Files_from_the_User')),' arquivos:<ul><li>', join(body('Select_-_Filenames_Posted_by_User'), '</li><li>'), '</li></ul>'), concat('Foi recebido um arquivo:<ul><li>',first(body('Select_-_Filenames_Posted_by_User')),'</li></ul>'))}ℹ️ @{if(\r\n  empty(variables('cfg')?['supportEmail']),\r\n  concat(\r\n    'Em caso de dúvidas sobre esta notificação, encaminhe esta mensagem e sua questão para ',\r\n    variables('cfg')?['supportName'],'.'\r\n  ),\r\n  concat(\r\n    'Em caso de dúvidas sobre esta notificação, encaminhe esta mensagem e sua questão para <a href=\"https://teams.microsoft.com/l/chat/0/0?users=',\r\n    variables('cfg')?['supportEmail'],\r\n    '\">',\r\n    variables('cfg')?['supportName'],\r\n    '</a>.'\r\n  )\r\n)}</p>"},"host":{"apiId":"/providers/Microsoft.PowerApps/apis/shared_teams","connectionName":"shared_teams","operationId":"PostMessageToConversation"},"authentication":"@parameters('$authentication')"},"description":"Use serviceName \"serviceName\", \"supportName\" and \"supportEmail\" configured parameters"},"Select_-_Filenames_Posted_by_User":{"runAfter":{"Filter_array_-_Files_from_the_User":["Succeeded"]},"type":"Select","inputs":{"from":"@body('Filter_array_-_Files_from_the_User')","select":"@item()?['Filename']\n"}}},"runAfter":{"Compose_-_Unique_UserEmail_list":["Succeeded"],"Create_file_-_Sharepoint_Metadata":["Succeeded"]},"type":"Foreach","runtimeConfiguration":{"concurrency":{"repetitions":1}}},"For_each_-_Folder":{"foreach":"@outputs('Filter_array_-_Folders')['body']","actions":{"Move_Folder_-_To_Temp":{"type":"OpenApiConnection","inputs":{"parameters":{"dataset":"https://anatel365.sharepoint.com/sites/InovaFiscaliza","parameters/sourceFolderId":"@item()?['{Identifier}']","parameters/destinationDataset":"https://anatel365.sharepoint.com/sites/InovaFiscaliza","parameters/destinationFolderPath":"@variables('cfg')?['outputFolder']","parameters/nameConflictBehavior":1},"host":{"apiId":"/providers/Microsoft.PowerApps/apis/shared_sharepointonline","connectionName":"shared_sharepointonline","operationId":"MoveFolderAsync"},"authentication":"@parameters('$authentication')"},"description":"Use \"outputFolder\" configured parameter"}},"runAfter":{"Filter_array_-_Folders":["Succeeded"]},"type":"Foreach"},"Initialize_variable_-_Flow_Configuration_-_cfg":{"runAfter":{},"type":"InitializeVariable","inputs":{"variables":[{"name":"cfg","type":"object","value":{"inputFolder":"/DataHub  POST/appAnalise","outputFolder":"/DataHub  TEMP/appAnalise","fileToIgnore":".appanalise_post","serviceName":"appAnalise","supportName":"o centralizador responsável pelo plano"}}]},"description":"Todos os parâmetros de configuração estão aqui. Se necessário ajustar as chaves do arquivo de saída, veja a ação \"Select - Metadata to publish\""},"Filter_array_-_Remove_Null_UserEmail":{"runAfter":{"Filter_array_-_Files":["Succeeded"]},"type":"Query","inputs":{"from":"@body('Filter_array_-_Files')","where":"@and(\n  not(equals(item()?['UserEmail'], null)),\n  not(equals(item()?['UserEmail'], ''))\n)"}},"Condition_-_are_there_folders_or_files_to_move":{"actions":{},"runAfter":{"Get_files_(properties_only)_-_files_and_folders_in_POST":["Succeeded"]},"else":{"actions":{"Terminate_[nothing_to_do]":{"type":"Terminate","inputs":{"runStatus":"Succeeded"}}}},"expression":{"and":[{"greater":["@length(body('Get_files_(properties_only)_-_files_and_folders_in_POST')?['value'])",1]}]},"type":"If"}},"description":"Run periodically without concurrency to avoid file manipulation errors.\n\nSave sharepoint metadata into a json file in TEMP.\n\nMove within the subfolders to TEMP, avoinding the need to go file by file within each subfolder.\n\nMove files in the root folder to temp."},"connectionReferences":{"shared_sharepointonline":{"connectionName":"shared-sharepointonl-e9377a12-655a-4eee-9466-e61ac60c025a","source":"Embedded","id":"/providers/Microsoft.PowerApps/apis/shared_sharepointonline","tier":"NotSpecified","apiName":"sharepointonline","isProcessSimpleApiReferenceConversionAlreadyDone":false},"shared_teams":{"connectionName":"shared-teams-08f091c7-a9df-495f-970a-d48e78b62924","source":"Embedded","id":"/providers/Microsoft.PowerApps/apis/shared_teams","tier":"NotSpecified","apiName":"teams","isProcessSimpleApiReferenceConversionAlreadyDone":false}},"flowFailureAlertSubscribed":false,"isManaged":false}}